"description","code","year"
"Sarrasin","SRS","2020"
"Seigle d'hiver","SGH","2020"
"Seigle de printemps","SGP","2020"
"Sorgho","SOG","2020"
"Triticale d'hiver","TTH","2020"
"Triticale de printemps","TTP","2020"
"Autre céréale d'hiver de genre Avena","CHA","2020"
"Autre céréale d'hiver de genre Hordeum","CHH","2020"
"Autre céréale d'hiver de genre Secale","CHS","2020"
"Autre céréale d'hiver de genre Triticum","CHT","2020"
"Autre céréale de printemps de genre Avena","CPA","2020"
"Autre céréale de printemps de genre Hordeum","CPH","2020"
"Autre céréale de printemps de genre Secale","CPS","2020"
"Autre céréale de printemps de genre Triticum","CPT","2020"
"Féverole","FVL","2020"
"Jarosse déshydratée","JOD","2020"
"Lupin doux d'hiver","LDH","2020"
"Lupin doux de printemps","LDP","2020"
"Luzerne déshydratée","LUD","2020"
"Mélilot déshydraté","MED","2020"
"Pois d'hiver","PHI","2020"
"Pois de printemps","PPR","2020"
"Sainfoin déshydraté","SAD","2020"
"Soja","SOJ","2020"
"Tournesol","TRN","2020"
"Autre oléagineux d'hiver d'espèce Brassica napus","OHN","2020"
"Autre oléagineux d'hiver d'espèce Brassica rapa","OHR","2020"
"Autre oléagineux de printemps d'espèce Brassica napus","OPN","2020"
"Autre oléagineux de printemps d'espèce Brassica rapa","OPR","2020"
"Autre oléagineux d'espèce Helianthus","OEH","2020"
"Autre oléagineux d'un autre genre *","OAG","2020"
"Mélange d'oléagineux","MOL","2020"
"Phacélie de 5 ans ou moins","PCL","2020"
"Ray-grass de 5 ans ou moins","RGA","2020"
"X-Festulolium de 5 ans ou moins","XFE","2020"
"Autre graminée fourragère pure de 5 ans ou moins","GFP","2020"
"Mélange de légumineuses prépondérantes et de graminées fourragères de 5 ans ou moins","MLG","2020"
"Autre prairie temporaire de 5 ans ou moins","PTR","2020"
"Lentille cultivée (non fourragère)","LEC","2020"
"Lotier","LOT","2020"
"Minette","MIN","2020"
"Pois chiche","PCH","2020"
"Mélange de légumineuses non fourragères prépondérantes et de céréales et/ou oléagineux","MLS","2020"
"Bande admissible le long d'une forêt avec production","BFP","2020"
"Bande admissible le long d'une forêt sans production","BFS","2020"
"Bande tampon","BTA","2020"
"Bordure de champ","BOR","2020"
"Cultures conduites en inter- rangs 2 cultures représentant chacune plus de 25%","CID","2020"
"Cultures conduites en inter- rangs 3 cultures représentant chacune plus de 25%","CIT","2020"
"Bois pâturé (prairie herbacée sous couvert d'arbres)","BOP","2020"
"Châtaigneraie entretenue par des porcins ou des petits ruminants (ATTENTION : code mobilisable uniquement en Corse et Petite région des causses cévenols et méridionaux)","CAE","2020"
"Chênaie entretenue par des porcins ou des petits ruminants (ATTENTION . code mobilisable uniquement en Corse et Petite région des causses cévenols et méridionaux)","CEE","2020"
"Roselière","Roselière","Roselière"
"Mélisse","MLI","2020"
"Menthe","MTH","2020"
"Millepertuis","MLP","2020"
"Oseille","OSE","2020"
"Ortie","ORT","2020"
"Pâquerette","PAQ","2020"
"Pensée","PSE","2020"
"Persil","PSL","2020"
"Plantain psyllium","PSY","2020"
"Primevère","PMV","2020"
"Psyllium noir de Provence","PSN","2020"
"Romarin","ROM","2020"
"Sariette","SRI","2020"
"Sauge","SGE","2020"
"Thym","THY","2020"
"Valériane","VAL","2020"
"Véronique","VER","2020"
"Autres plantes ornementales et PPAM annuelles","PPA","2020"
"Autres plantes ornementales et PPAM pérennes *","PPP","2020"
"Autre céréale de printemps de genre Zea","CPZ","2020"
"Autre céréale de genre Phalaris","CGH","2020"
"Autre céréale de genre Panicum","CGP","2020"
"Autre céréale de genre Sorghum","CGO","2020"
"Autre céréale de genre Setaria","CGS","2020"
"Chanvre","CHV","2020"
"Lin fibres","Lin fibres","Lin fibres"
"Féverole fourragère","FFO","2020"
"Jarosse","JOS","2020"
"Lupin fourrager d'hiver","LFH","2020"
"Lupin fourrager de printemps","LFP","2020"
"Luzerne","LUZ","2020"
"Mélilot","MEL","2020"
"Pois fourrager d'hiver","PFH","2020"
"Pois fourrager de printemps","PFP","2020"
"Sainfoin","SAI","2020"
"Autre plante fourragère sarclée d'un autre genre","FSG","2020"
"Autre fourrage annuel d'un autre genre *","FAG","2020"
"Fourrage composé de céréales et/ou de protéagineux (en proportion < 50%) et/ou de légumineuses fourragères (en proportion < 50%)","CPL","2020"
"Avoine d'hiver","AVH","2020"
"Avoine de printemps","AVP","2020"
"Blé dur d'hiver","BDH","2020"
"Blé dur de printemps","BDP","2020"
"Blé tendre d'hiver","BTH","2020"
"Blé tendre de printemps","BTP","2020"
"Épeautre","EPE","2020"
"Maïs doux","MID","2020"
"Maïs ensilage","MIE","2020"
"Maïs","MIS","2020"
"Millet","MLT","2020"
"Moha","MOH","2020"
"Orge d'hiver","ORH","2020"
"Orge de printemps","ORP","2020"
"Riz","RIZ","2020"
"Cameline","CML","2020"
"Colza d'hiver","CZH","2020"
"Colza de printemps","CZP","2020"
"Lin non textile d'hiver","LIH","2020"
"Lin non textile de printemps","LIP","2020"
"Moutarde","MOT","2020"
"Navette d'été","NVE","2020"
"Navette d'hiver","NVH","2020"
"Nyger","NYG","2020"
"Œillette (Pavot)","OEI","2020"
"Culture sous abattis","CUA","2020"
"Curcuma","CUR","2020"
"Géranium","GER","2020"
"Horticulture ornementale de plein champ","HPC","2020"
"Horticulture ornementale sous abri","HSA","2020"
"Légume sous abri","LSA","2020"
"Plante à parfum (autre que géranium et vétiver)","PPF","2020"
"Plante aromatique (autre que vanille)","PAR","2020"
"Plante médicinale","PMD","2020"
"Tubercule tropical","TBT","2020"
"Vanille","VNL","2020"
"Vanille sous bois","VNB","2020"
"Verger (DOM)","VGD","2020"
"Vétiver","VET","2020"
"Ylang-ylang","YLA","2020"
"Autre culture non précisée dans la liste (admissible)","ACA","2020"
"Aneth","ANE","2020"
"Angélique","ANG","2020"
"Anis","ANI","2020"
"Bardane","BAR","2020"
"Basilic","BAS","2020"
"Bleuet","BLT","2020"
"Bugle rampant","BUR","2020"
"Camomille","CMM","2020"
"Carvi","CAV","2020"
"Cerfeuil","CRF","2020"
"Chardon Marie","CHR","2020"
"Ciboulette","CIB","2020"
"Coriandre","CRD","2020"
"Cumin","CUM","2020"
"Estragon","EST","2020"
"Fenouil","FNO","2020"
"Gaillet","GAI","2020"
"Lavande/Lavandin","LAV","2020"
"Marguerite","MRG","2020"
"Marjolaine / Origan","MRJ","2020"
"Mauve","MAV","2020"
"Betterave fourragère","BVF","2020"
"Carotte fourragère","CAF","2020"
"Chou fourrager","CHF","2020"
"Lentille fourragère","LEF","2020"
"Navet fourrager","NVF","2020"
"Radis fourrager","RDF","2020"
"Jachère de 5 ans ou moins","J5M","2020"
"Jachère de 6 ans ou plus déclarée comme SIE","J6S","2020"
"Jachère de 6 ans ou plus","J6P","2020"
"Jachère noire","JNO","2020"
"Pistache","PIS","2020"
"Poire Williams pour transformation","PWT","2020"
"Prune d'Ente pour transformation","PRU","2020"
"Autres vergers","VRG","2020"
"Vigne raisins de cuve en production","VRC","2020"
"Vigne raisins de table","VRT","2020"
"Vigne raisins de cuve non en production **","VRN","2020"
"Restructuration du vignoble","RVI","2020"
"Ail","AIL","2020"
"Artichaut","ART","2020"
"Aubergine","AUB","2020"
"Avocat","AVO","2020"
"Betterave non fourragère / Bette","BTN","2020"
"Carotte","CAR","2020"
"Céleri","CEL","2020"
"Chicorée / Endive / Scarole","CES","2020"
"Chou","CHU","2020"
"Concombre / Cornichon","CCN","2020"
"Courge musquée / Butternut","CMB","2020"
"Courgette / Citrouille","CCT","2020"
"Cresson","CRS","2020"
"Epinard","EPI","2020"
"Fève","FEV","2020"
"Fraise","FRA","2020"
"Haricot / Flageolet","HAR","2020"
"Houblon","HBL","2020"
"Laitue / Batavia / Feuille de chêne","LBF","2020"
"Mâche","MAC","2020"
"Autre mélange de plantes fixant l'azote","MPA","2020"
"Miscanthus","MCT","2020"
"Culture sous serre hors sol","CSS","2020"
"Taillis à courte rotation","TCR","2020"
"Truffière (plants mycorhizés)","TRU","2020"
"Surface boisée sur une ancienne terre agricole","SBO","2020"
"Surface agricole temporairement non exploitée","SNE","2020"
"Marais salant","MRS","2020"
"Prairie en rotation longue (6 ans ou plus)","PRL","2020"
"Prairie permanente herbe (ressources fourragères ligneuses absentes ou peu présentes)","PHH","2020"
"Surface pastorale - herbe prédominante et ressources fourragères ligneuses présentes","SPH","2020"
"Surface pastorale ressources fourragères ligneuses prédominantes (ATTENTION ces surfaces sont admissibles aux aides du 1er pilier de la PAC uniquement dans les départements 01, 04, 05, 06, 07, 09, 11, 12, 13, 15, 19, 2A, 2B, 23, 24, 26, 30, 31, 32, 34, 38, 42. 43, 46, 47, 48, 63, 64, 65, 66, 69, 73, 74, 81, 82, 83, 84 et 87)","SPL","2020"
"Agrume","AGR","2020"
"Caroube","CAB","2020"
"Cerise bigarreau pour transformation","CBT","2020"
"Châtaigne","CTG","2020"
"Noisette","NOS","2020"
"Noix","NOX","2020"
"Oliveraie","OLI","2020"
"Pêche Pavie pour transformation","PVT","2020"
"Pépinière","PEP","2020"
"Petit fruit rouge *","PFR","2020"
"Autre céréale de genre Fagopyrum","CGF","2020"
"Autre céréale ou pseudo-céréale d'un autre genre*","CAG","2020"
"Mélange de céréales ou pseudo-céréales pures ou en mélange avec des protéagineux non prépondérants","MCR","2020"
"Melon","MLO","2020"
"Navet","NVT","2020"
"Oignon / Echalotte","OIG","2020"
"Panais","PAN","2020"
"Pastèque","PAS","2020"
"Pois (petits pois, pois cassés, pois gourmands)","PPO","2020"
"Poireau","POR","2020"
"Poivron / Piment","PVP","2020"
"Pomme de terre de consommation","PTC","2020"
"Pomme de terre féculière","PTF","2020"
"Potiron / Potimarron","POT","2020"
"Radis","RDI","2020"
"Roquette","ROQ","2020"
"Rutabaga","RUT","2020"
"Salsifis","SFI","2020"
"Tabac","TAB","2020"
"Tomate","TOM","2020"
"Tomate pour transformation","TOT","2020"
"Topinambour","TOP","2020"
"Autre légume ou fruit annuel","FLA","2020"
"Autre légume ou fruit pérenne *","FLP","2020"
"Serradelle déshydratée","SED","2020"
"Trèfle déshydraté","TRD","2020"
"Vesce déshydratée","VED","2020"
"Autre protéagineux d'un autre genre *","PAG","2020"
"Mélange de légumineuses déshydratées ** (entre elles)","MLD","2020"
"Mélange de protéagineux (pois et/ou lupin et/ou féverole)","MPP","2020"
"Mélange de protéagineux prépondérants (pois et/ou lupin et/ou féverole) et de céréales","MPC","2020"
"Arachide","ARA","2020"
"Cornille","CRN","2020"
"Dolique","DOL","2020"
"Fenugrec","FNU","2020"
"Gesse","GES","2020"
"Ananas","ANA","2020"
"Banane créole (fruit et légume) - autre","BCA","2020"
"Banane créole (fruit et légume) - fermage","BCF","2020"
"Banane créole (fruit et légume) - indivision","BCI","2020"
"Banane créole (fruit et légume) - propriété ou faire valoir direct","BCP","2020"
"Banane créole (fruit et légume) - réforme foncière","BCR","2020"
"Banane export autre","BEA","2020"
"Banane export fermage","BEF","2020"
"Banane export indivision","BEI","2020"
"Banane export - propriété ou faire valoir direct","BEP","2020"
"Banane export - réforme foncière","BER","2020"
"Café / Cacao","CAC","2020"
"Canne à sucre autre","CSA","2020"
"Canne à sucre fermage","CSF","2020"
"Canne à sucre indivision","CSI","2020"
"Canne à sucre propriété ou faire valoir direct","CSP","2020"
"Canne à sucre - réforme foncière","CSR","2020"
"Serradelle","SER","2020"
"Trèfle","TRE","2020"
"Vesce","VES","2020"
"Mélange de légumineuses fourragères * (entre elles)","MLF","2020"
"Mélange de légumineuses fourragères * prépondérantes et de céréales et/ou d'oléagineux","MLC","2020"
"Bourrache de 5 ans ou moins","BRH","2020"
"Brôme de 5 ans ou moins","BRO","2020"
"Cresson alénois de 5 ans ou moins","CRA","2020"
"Dactyle de 5 ans ou moins","DTY","2020"
"Fétuque de 5 ans ou moins","FET","2020"
"Fléole de 5 ans ou moins","FLO","2020"
"Paturin commun de 5 ans ou moins","PAT","2020"
"Sarrasin","SRS","2019"
"Seigle d'hiver","SGH","2019"
"Seigle de printemps","SGP","2019"
"Sorgho","SOG","2019"
"Triticale d'hiver","TTH","2019"
"Triticale de printemps","TTP","2019"
"Autre céréale d'hiver de genre Avena","CHA","2019"
"Autre céréale d'hiver de genre Hordeum","CHH","2019"
"Autre céréale d'hiver de genre Secale","CHS","2019"
"Autre céréale d'hiver de genre Triticum","CHT","2019"
"Autre céréale de printemps de genre Avena","CPA","2019"
"Autre céréale de printemps de genre Hordeum","CPH","2019"
"Autre céréale de printemps de genre Secale","CPS","2019"
"Autre céréale de printemps de genre Triticum","CPT","2019"
"Féverole","FVL","2019"
"Jarosse déshydratée","JOD","2019"
"Lupin doux d'hiver","LDH","2019"
"Lupin doux de printemps","LDP","2019"
"Luzerne déshydratée","LUD","2019"
"Mélilot déshydraté","MED","2019"
"Pois d'hiver","PHI","2019"
"Pois de printemps","PPR","2019"
"Sainfoin déshydraté","SAD","2019"
"Soja","SOJ","2019"
"Tournesol","TRN","2019"
"Autre oléagineux d'hiver d'espèce Brassica napus","OHN","2019"
"Autre oléagineux d'hiver d'espèce Brassica rapa","OHR","2019"
"Autre oléagineux de printemps d'espèce Brassica napus","OPN","2019"
"Autre oléagineux de printemps d'espèce Brassica rapa","OPR","2019"
"Autre oléagineux d'espèce Helianthus","OEH","2019"
"Autre oléagineux d'un autre genre *","OAG","2019"
"Mélange d'oléagineux","MOL","2019"
"Betterave fourragère","BVF","2019"
"Carotte fourragère","CAF","2019"
"Chou fourrager","CHF","2019"
"Lentille fourragère","LEF","2019"
"Navet fourrager","NVF","2019"
"Radis fourrager","RDF","2019"
"Arachide","ARA","2019"
"Cornille","CRN","2019"
"Dolique","DOL","2019"
"Fenugrec","FNU","2019"
"Gesse","GES","2019"
"Bande admissible le long d'une forêt avec production","BFP","2019"
"Bande admissible le long d'une forêt sans production","BFS","2019"
"Bande tampon","BTA","2019"
"Bordure de champ","BOR","2019"
"Cultures conduites en inter- rangs 2 cultures représentant chacune plus de 25%","CID","2019"
"Cultures conduites en inter- rangs 3 cultures représentant chacune plus de 25%","CIT","2019"
"Bois pâturé (prairie herbacée sous couvert d'arbres)","BOP","2019"
"Châtaigneraie entretenue par des porcins ou des petits ruminants (ATTENTION : code mobilisable uniquement en Corse et Petite région des causses cévenols et méridionaux)","CAE","2019"
"Chênaie entretenue par des porcins ou des petits ruminants (ATTENTION : code mobilisable uniquement en Corse et Petite région des causses cévenols et méridionaux)","CEE","2019"
"Roselière","Roselière","Roselière"
"Mélisse","MLI","2019"
"Menthe","MTH","2019"
"Millepertuis","MLP","2019"
"Oseille","OSE","2019"
"Ortie","ORT","2019"
"Pâquerette","PAQ","2019"
"Pensée","PSE","2019"
"Persil","PSL","2019"
"Plantain psyllium","PSY","2019"
"Primevère","PMV","2019"
"Psyllium noir de Provence","PSN","2019"
"Romarin","ROM","2019"
"Sariette","SRI","2019"
"Sauge","SGE","2019"
"Thym","THY","2019"
"Valériane","VAL","2019"
"Véronique","VER","2019"
"Autres plantes ornementales et PPAM annuelles","PPA","2019"
"Autres plantes ornementales et PPAM pérennes *","PPP","2019"
"Autre céréale de printemps de genre Zea","CPZ","2019"
"Autre céréale de genre Phalaris","CGH","2019"
"Autre céréale de genre Panicum","CGP","2019"
"Autre céréale de genre Sorghum","CGO","2019"
"Autre céréale de genre Setaria","CGS","2019"
"Autre céréale de genre Fagopyrum","CGF","2019"
"Autre céréale ou pseudo céréale d'un autre genre*","CAG","2019"
"Mélange de céréales ou pseudo céréales pures ou mélange avec des protéagineux non prépondérants","MCR","2019"
"Féverole fourragère","FFO","2019"
"Jarosse","JOS","2019"
"Lupin fourrager d'hiver","LFH","2019"
"Lupin fourrager de printemps","LFP","2019"
"Luzerne","LUZ","2019"
"Mélilot","MEL","2019"
"Pois fourrager d'hiver","PFH","2019"
"Pois fourrager de printemps","PFP","2019"
"Sainfoin","SAI","2019"
"Serradelle","SER","2019"
"Trèfle","TRE","2019"
"Vesce","VES","2019"
"Mélange de légumineuses fourragères * (entre elles)","MLF","2019"
"Mélange de légumineuses fourragères * prépondérantes et de céréales et/ou d'oléagineux","MLC","2019"
"Avoine d'hiver","AVH","2019"
"Avoine de printemps","AVP","2019"
"Blé dur d'hiver","BDH","2019"
"Blé dur de printemps","BDP","2019"
"Blé tendre d'hiver","BTH","2019"
"Blé tendre de printemps","BTP","2019"
"Épeautre","EPE","2019"
"Maïs doux","MID","2019"
"Maïs ensilage","MIE","2019"
"Maïs","MIS","2019"
"Millet","MLT","2019"
"Moha","MOH","2019"
"Orge d'hiver","ORH","2019"
"Orge de printemps","ORP","2019"
"Riz","RIZ","2019"
"Cameline","CML","2019"
"Colza d'hiver","CZH","2019"
"Colza de printemps","CZP","2019"
"Lin non textile d'hiver","LIH","2019"
"Lin non textile de printemps","LIP","2019"
"Moutarde","MOT","2019"
"Navette d'été","NVE","2019"
"Navette d'hiver","NVH","2019"
"Nyger","NYG","2019"
"Œillette (Pavot)","OEI","2019"
"Aneth","ANE","2019"
"Angélique","ANG","2019"
"Anis","ANI","2019"
"Bardane","BAR","2019"
"Basilic","BAS","2019"
"Bleuet","BLT","2019"
"Bugle rampant","BUR","2019"
"Camomille","CMM","2019"
"Carvi","CAV","2019"
"Cerfeuil","CRF","2019"
"Chardon Marie","CHR","2019"
"Ciboulette","CIB","2019"
"Coriandre","CRD","2019"
"Cumin","CUM","2019"
"Estragon","EST","2019"
"Fenouil","FNO","2019"
"Gaillet","GAI","2019"
"Lavande/Lavandin","LAV","2019"
"Marguerite","MRG","2019"
"Marjolaine / Origan","MRJ","2019"
"Mauve","MAV","2019"
"Phacélie de 5 ans ou moins","PCL","2019"
"Ray-grass de 5 ans ou moins","RGA","2019"
"X-Festulolium de 5 ans ou moins","XFE","2019"
"Autre graminée fourragère pure de 5 ans ou moins","GFP","2019"
"Mélange de légumineuses prépondérantes et de graminées fourragères de 5 ans ou moins","MLG","2019"
"Autre prairie temporaire de 5 ans ou moins","PTR","2019"
"Jachère de 5 ans ou moins","J5M","2019"
"Jachère de 6 ans ou plus déclarée comme SIE","J6S","2019"
"Jachère de 6 ans ou plus","J6P","2019"
"Jachère noire","JNO","2019"
"Autre mélange de plantes fixant l'azote","MPA","2019"
"Miscanthus","MCT","2019"
"Culture sous serre hors sol","CSS","2019"
"Taillis à courte rotation","TCR","2019"
"Truffière (plants mycorhizés)","TRU","2019"
"Surface boisée sur une ancienne terre agricole","SBO","2019"
"Surface agricole temporairement non exploitée","SNE","2019"
"Marais salant","MRS","2019"
"Ail","AIL","2019"
"Artichaut","ART","2019"
"Aubergine","AUB","2019"
"Avocat","AVO","2019"
"Betterave non fourragère / Bette","BTN","2019"
"Carotte","CAR","2019"
"Céleri","CEL","2019"
"Chicorée / Endive / Scarole","CES","2019"
"Chou","CHU","2019"
"Concombre / Cornichon","CCN","2019"
"Courge musquée / Butternut","CMB","2019"
"Courgette / Citrouille","CCT","2019"
"Cresson","CRS","2019"
"Epinard","EPI","2019"
"Fève","FEV","2019"
"Fraise","FRA","2019"
"Haricot / Flageolet","HAR","2019"
"Houblon","HBL","2019"
"Laitue / Batavia / Feuille de chêne","LBF","2019"
"Mâche","MAC","2019"
"Pistache","PIS","2019"
"Poire Williams pour transformation","PWT","2019"
"Prune d'Ente pour transformation","PRU","2019"
"Autres vergers","VRG","2019"
"Vigne raisins de cuve en production","VRC","2019"
"Vigne raisins de table","VRT","2019"
"Vigne raisins de cuve non en production **","VRN","2019"
"Restructuration du vignoble","RVI","2019"
"Prairie en rotation longue (6 ans ou plus)","PRL","2019"
"Prairie permanente herbe (ressources fourragères ligneuses absentes ou peu présentes)","PPH","2019"
"Surface pastorale - herbe prédominante et ressources fourragères ligneuses présentes","SPH","2019"
"Surface pastorale ressources fourragères ligneuses prédominantes (ATTENTION ces surfaces sont admissibles aux aides du 1er pilier de la PAC uniquement dans les départements 01, 04, 05, 06, 07, 09, 11, 12, 13, 15, 19, 2A, 2B, 23, 24, 26, 30, 31, 32, 34, 38, 42. 43, 46, 47, 48, 63, 64, 65, 66, 69, 73, 74, 81, 82, 83, 84 et 87)","SPL","2019"
"Agrume","AGR","2019"
"Caroube","CAB","2019"
"Cerise bigarreau pour transformation","CBT","2019"
"Châtaigne","CTG","2019"
"Noisette","NOS","2019"
"Noix","NOX","2019"
"Oliveraie","OLI","2019"
"Pêche Pavie pour transformation","PVT","2019"
"Pépinière","PEP","2019"
"Petit fruit rouge *","PFR","2019"
"Serradelle déshydratée","SED","2019"
"Trèfle déshydraté","TRD","2019"
"Vesce déshydratée","VED","2019"
"Autre protéagineux d'un autre genre *","PAG","2019"
"Mélange de légumineuses déshydratées ** (entre elles)","MLD","2019"
"Mélange de protéagineux (pois et/ou lupin et/ou féverole)","MPP","2019"
"Mélange de protéagineux prépondérants (pois et/ou lupin et/ou féverole) et de céréales","MPC","2019"
"Melon","MLO","2019"
"Navet","NVT","2019"
"Oignon / Echalotte","OIG","2019"
"Panais","PAN","2019"
"Pastèque","PAS","2019"
"Pois (petits pois, pois cassés, pois gourmands)","PPO","2019"
"Poireau","POR","2019"
"Poivron / Piment","PVP","2019"
"Pomme de terre de consommation","PTC","2019"
"Pomme de terre féculière","PTF","2019"
"Potiron / Potimarron","POT","2019"
"Radis","RDI","2019"
"Roquette","ROQ","2019"
"Rutabaga","RUT","2019"
"Salsifis","SFI","2019"
"Tabac","TAB","2019"
"Tomate","TOM","2019"
"Tomate pour transformation","TOT","2019"
"Topinambour","TOP","2019"
"Autre légume ou fruit annuel","FLA","2019"
"Autre légume ou fruit pérenne *","FLP","2019"
"Chanvre","CHV","2019"
"Lin fibres","Lin fibres","Lin fibres"
"Lentille cultivée (non fourragère)","LEC","2019"
"Lotier","LOT","2019"
"Minette","MIN","2019"
"Pois chiche","PCH","2019"
"Ananas","ANA","2019"
"Banane créole (fruit et légume) autre","BCA","2019"
"Banane créole (fruit et légume) fermage","BCF","2019"
"Banane créole (fruit et légume) indivision","BCI","2019"
"Banane créole (fruit et légume) propriété ou faire valoir direct","BCP","2019"
"Banane créole (fruit et légume) réforme foncière","BCR","2019"
"Banane export autre","BEA","2019"
"Banane export fermage","BEF","2019"
"Banane export indivision","BEI","2019"
"Banane export propriété ou faire valoir direct","BEP","2019"
"Banane export réforme foncière","BER","2019"
"Café / Cacao","CAC","2019"
"Canne à sucre autre","CSA","2019"
"Canne à sucre fermage","CSF","2019"
"Canne à sucre indivision","CSI","2019"
"Canne à sucre propriété ou faire valoir direct","CSP","2019"
"Canne à sucre réforme foncière","CSR","2019"
"Culture sous abattis","CUA","2019"
"Curcuma","CUR","2019"
"Géranium","GER","2019"
"Horticulture ornementale de plein champ","HPC","2019"
"Horticulture ornementale sous abri","HSA","2019"
"Légume sous abri","LSA","2019"
"Plante à parfum (autre que géranium et vétiver)","PPF","2019"
"Plante aromatique (autre que vanille)","PAR","2019"
"Plante médicinale","PMD","2019"
"Tubercule tropical","TBT","2019"
"Vanille","VNL","2019"
"Vanille sous bois","VNB","2019"
"Vanille verte","VNV","2019"
"Verger (DOM)","VGD","2019"
"Vétiver","VET","2019"
"Ylang-ylang","YLA","2019"
"Autre culture non précisée dans la liste (admissible)","ACA","2019"
"Autre plante fourragère sarclée d'un autre genre","FSG","2019"
"Autre fourrage annuel d'un autre genre *","FAG","2019"
"Fourrage composé de céréales et/ou de protéagineux (en proportion < 50%) et/ou de légumineuses fourragères (en proportion < 50%)","CPL","2019"
"Bourrache de 5 ans ou moins","BRH","2019"
"Brôme de 5 ans ou moins","BRO","2019"
"Cresson alénois de 5 ans ou moins","CRA","2019"
"Dactyle de 5 ans ou moins","DTY","2019"
"Fétuque de 5 ans ou moins","FET","2019"
"Fléole de 5 ans ou moins","FLO","2019"
"Paturin commun de 5 ans ou moins","PAT","2019"
"Sarrasin","SRS","2018"
"Seigle d'hiver","SGH","2018"
"Seigle de printemps","SGP","2018"
"Sorgho","SOG","2018"
"Triticale d'hiver","TTH","2018"
"Triticale de printemps","TTP","2018"
"Autre céréale d'hiver de genre Avena","CHA","2018"
"Autre céréale d'hiver de genre Hordeum","CHH","2018"
"Autre céréale d'hiver de genre Secale","CHS","2018"
"Autre céréale d'hiver de genre Triticum","CHT","2018"
"Autre céréale de printemps de genre Avena","CPA","2018"
"Autre céréale de printemps de genre Hordeum","CPH","2018"
"Autre céréale de printemps de genre Secale","CPS","2018"
"Autre céréale de printemps de genre Triticum","CPT","2018"
"Féverole","FVL","2018"
"Jarosse déshydratée","JOD","2018"
"Lupin doux d'hiver","LDH","2018"
"Lupin doux de printemps","LDP","2018"
"Luzerne déshydratée","LUD","2018"
"Mélilot déshydraté","MED","2018"
"Pois d'hiver","PHI","2018"
"Pois de printemps","PPR","2018"
"Sainfoin déshydraté","SAD","2018"
"Soja","SOJ","2018"
"Tournesol","TRN","2018"
"Autre oléagineux d'hiver d'espèce Brassica napus","OHN","2018"
"Autre oléagineux d'hiver d'espèce Brassica rapa","OHR","2018"
"Autre oléagineux de printemps d'espèce Brassica napus","OPN","2018"
"Autre oléagineux de printemps d'espèce Brassica rapa","OPR","2018"
"Autre oléagineux d'espèce Helianthus","OEH","2018"
"Autre oléagineux d'un autre genre *","OAG","2018"
"Mélange d'oléagineux","MOL","2018"
"Pois fourrager de printemps implanté pour la récolte 2017","PP7","2018"
"Pois fourrager de printemps implanté pour la récolte 2018","PP8","2018"
"Autre pois fourrager de printemps","PFP","2018"
"Sainfoin implanté pour la récolte 2016","SA6","2018"
"Sainfoin implanté pour la récolte 2017","SA7","2018"
"Sainfoin implanté pour la récolte 2018","SA8","2018"
"Autre sainfoin","SAI","2018"
"Serradelle implantée pour la récolte 2016","SE6","2018"
"Serradelle implantée pour la récolte 2017","SE7","2018"
"Serradelle implantée pour la récolte 2018","SE8","2018"
"Autre serradelle","SER","2018"
"Trèfle implanté pour la récolte 2016","TR6","2018"
"Trèfle implanté pour la récolte 2017","TR7","2018"
"Trèfle implanté pour la récolte 2018","TR8","2018"
"Autre trèfle","TRE","2018"
"Vesce implantée pour la récolte 2016","VE6","2018"
"Vesce implantée pour la récolte 2017","VE7","2018"
"Vesce implantée pour la récolte 2018","VE8","2018"
"Autre vesce","VES","2018"
"Mélange de légumineuses fourragères * implantées pour la récolte 2016 (entre elles)","ML6","2018"
"Mélange de légumineuses fourragères * implantées pour la récolte 2017 (entre elles)","ML7","2018"
"Mélange de légumineuses fourragères * implantées pour la récolte 2018 (entre elles)","ML8","2018"
"Mélange de légumineuses fourragères * prépondérantes implantées pour la récolte 2016 et de céréales","MC6","2018"
"Mélange de légumineuses fourragères * prépondérantes implantées pour la récolte 2017 et de céréales et/ou d'oléagineux","MC7","2018"
"Mélange de légumineuses fourragères * prépondérantes implantées pour la récolte 2018 et de céréales et/ou d'oléagineux","MC8","2018"
"Betterave fourragère","BVF","2018"
"Carotte fourragère","CAF","2018"
"Chou fourrager","CHF","2018"
"Lentille fourragère","LEF","2018"
"Navet fourrager","NVF","2018"
"Radis fourrager","RDF","2018"
"Bande admissible le long d'une forêt avec production","BFP","2018"
"Bande admissible le long d'une forêt sans production","BFS","2018"
"Bande tampon","BTA","2018"
"Bordure de champ","BOR","2018"
"CULTURES CONDUITES EN","INTERRANGS","2018"
"Cultures conduites en inter- rangs 2 cultures représentant chacune plus de 25%","CID","2018"
"Cultures conduites en interrangs 3 cultures repré- sentant chacune plus de 25%","CIT","2018"
"Bois pâturé (prairie herbacée sous couvert d'arbres)","BOP","2018"
"Châtaigneraie entretenue par des porcins ou des petits ruminants (ATTENTION . code mobilisable uniquement en Corse et Petite région des causses cévenols et méridionaux)","CAE","2018"
"Chênaie entretenue par des porcins ou des petits ruminants (ATTENTION: code mobilisable uniquement en Corse et Petite région des causses cévenols et méridionaux)","CEE","2018"
"Roselière","Roselière","Roselière"
"Agrume","AGR","2018"
"Caroube","CAB","2018"
"Cerise bigarreau pour transformation","CBT","2018"
"Châtaigne","CTG","2018"
"Noisette","NOS","2018"
"Noix","NOX","2018"
"Oliveraie","OLI","2018"
"Pêche Pavie pour transformation","PVT","2018"
"Pépinière","PEP","2018"
"Petit fruit rouge *","PFR","2018"
"Autre céréale de printemps de genre Zea","CPZ","2018"
"Autre céréale de genre Phalaris","CGH","2018"
"Autre céréale de genre Panicum","CGP","2018"
"Autre céréale de genre Sorghum","CGO","2018"
"Autre céréale de genre Setaria","CGS","2018"
"Autre céréale de genre Fagopyrum","CGF","2018"
"Autre céréale ou pseudo céréale d'un autre genre*","CAG","2018"
"Mélange de céréales ou pseudo céréales pures ou mélange avec des protéagineux non prépondérants","MCR","2018"
"Féverole fourragère implantée pour la récolte 2016","FF6","2018"
"Féverole fourragère implantée pour la récolte 2017","FF7","2018"
"Féverole fourragère implantée pour la récolte 2018","FF8","2018"
"Autre féverole fourragère","FFO","2018"
"Jarosse implantée pour la récolte 2016","J06","2018"
"Jarosse implantée pour la récolte 2017","J07","2018"
"Jarosse implantée pour la récolte 2018","J08","2018"
"Autre jarosse","JOS","2018"
"Lupin fourrager d'hiver implanté pour la récolte 2016","LH6","2018"
"Lupin fourrager d'hiver implanté pour la récolte 2017","LH7","2018"
"Lupin fourrager d'hiver implanté pour la récolte 2018","LH8","2018"
"Autre lupin fourrager d'hiver","LFH","2018"
"Lupin fourrager de printemps implanté pour la récolte 2016","LP6","2018"
"Lupin fourrager de printemps implanté pour la récolte 2017","LP7","2018"
"Lupin fourrager de printemps implanté pour la récolte 2018","LP8","2018"
"Autre lupin fourrager de printemps","LFP","2018"
"Luzerne implantée pour la récolte 2016","LU6","2018"
"Luzerne implantée pour la récolte 2017","LU7","2018"
"Luzerne implantée pour la récolte 2018","LU8","2018"
"Autre luzerne","LUZ","2018"
"Mélilot implanté pour la récolte 2016","ME6","2018"
"Mélilot implanté pour la récolte 2017","ME7","2018"
"Mélilot implanté pour la récolte 2018","ME8","2018"
"Autre mélilot","MEL","2018"
"Pois fourrager d'hiver implanté pour la récolte 2016","PH6","2018"
"Pois fourrager d'hiver implanté pour la récolte 2017","PH7","2018"
"Pois fourrager d'hiver implanté pour la récolte 2018","PH8","2018"
"Autre pois fourrager d'hiver","PFH","2018"
"Pois fourrager de printemps implanté pour la récolte 2016","PP6","2018"
"Melon","MLO","2018"
"Navet","NVT","2018"
"Oignon / Echalotte","OIG","2018"
"Panais","PAN","2018"
"Pastèque","PAS","2018"
"Pois (petits pois, pois cassés, pois gourmands)","PPO","2018"
"Poireau","POR","2018"
"Poivron / Piment","PVP","2018"
"Pomme de terre de consommation","PTC","2018"
"Pomme de terre féculière","PTF","2018"
"Potiron / Potimarron","POT","2018"
"Radis","RDI","2018"
"Roquette","ROQ","2018"
"Rutabaga","RUT","2018"
"Salsifis","SFI","2018"
"Tabac","TAB","2018"
"Tomate","TOM","2018"
"Tomate pour transformation","TOT","2018"
"Topinambour","TOP","2018"
"Autre légume ou fruit annuel","FLA","2018"
"Autre légume ou fruit pérenne *","FLP","2018"
"Avoine d'hiver","AVH","2018"
"Avoine de printemps","AVP","2018"
"Blé dur d'hiver","BDH","2018"
"Blé dur de printemps","BDP","2018"
"Blé tendre d'hiver","BTH","2018"
"Blé tendre de printemps","BTP","2018"
"Épeautre","EPE","2018"
"Maïs doux","MID","2018"
"Maïs ensilage","MIE","2018"
"Maïs","MIS","2018"
"Millet","MLT","2018"
"Moha","MOH","2018"
"Orge d'hiver","ORH","2018"
"Orge de printemps","ORP","2018"
"Riz","RIZ","2018"
"Cameline","CML","2018"
"Colza d'hiver","CZH","2018"
"Colza de printemps","CZP","2018"
"Lin non textile d'hiver","LIH","2018"
"Lin non textile de printemps","LIP","2018"
"Moutarde","MOT","2018"
"Navette d'été","NVE","2018"
"Navette d'hiver","NVH","2018"
"Nyger","NYG","2018"
"Œillette (Pavot)","OEI","2018"
"Aneth","ANE","2018"
"Angélique","ANG","2018"
"Anis","ANI","2018"
"Bardane","BAR","2018"
"Basilic","BAS","2018"
"Bleuet","BLT","2018"
"Bugle rampant","BUR","2018"
"Camomille","CMM","2018"
"Carvi","CAV","2018"
"Cerfeuil","CRF","2018"
"Chardon Marie","CHR","2018"
"Ciboulette","CIB","2018"
"Coriandre","CRD","2018"
"Cumin","CUM","2018"
"Estragon","EST","2018"
"Fenouil","FNO","2018"
"Gaillet","GAI","2018"
"Lavande/Lavandin","LAV","2018"
"Marguerite","MRG","2018"
"Marjolaine / Origan","MRJ","2018"
"Mauve","MAV","2018"
"Arachide","ARA","2018"
"Cornille","CRN","2018"
"Dolique","DOL","2018"
"Fenugrec","FNU","2018"
"Gesse","GES","2018"
"Lentille cultivée (non fourragère)","LEC","2018"
"Lotier implanté pour la récolte 2017","L07","2018"
"Jachère de 5 ans ou moins","J5M","2018"
"Jachère de 6 ans ou plus déclarée comme SIE","J6S","2018"
"Jachère de 6 ans ou plus","J6P","2018"
"Jachère noire","JNO","2018"
"Autre mélange de plantes fixant l'azote","MPA","2018"
"Miscanthus","MCT","2018"
"Culture sous serre hors sol","CSS","2018"
"Taillis à courte rotation","TCR","2018"
"Truffière (plants mycorhizés)","TRU","2018"
"Surface boisée sur une ancienne terre agricole","SBO","2018"
"Surface agricole temporairement non exploitée","SNE","2018"
"Marais salant","MRS","2018"
"Bourrache de 5 ans ou moins","BRH","2018"
"Brôme de 5 ans ou moins","BRO","2018"
"Cresson alénois de 5 ans ou moins","CRA","2018"
"Dactyle de 5 ans ou moins","DTY","2018"
"Fétuque de 5 ans ou moins","FET","2018"
"Fléole de 5 ans ou moins","FLO","2018"
"Paturin commun de 5 ans ou moins","PAT","2018"
"Pistache","PIS","2018"
"Poire Williams pour transformation","PWT","2018"
"Prune d'Ente pour transformation","PRU","2018"
"Autres vergers","VRG","2018"
"Vigne raisins de cuve en production","VRC","2018"
"Vigne raisins de table","VRT","2018"
"Vigne raisins de cuve non en production","VRN","2018"
"Restructuration du vignoble","RVI","2018"
"Prairie en rotation longue (6 ans ou plus)","PRL","2018"
"Prairie permanente herbe (ressources fourragères ligneuses absentes ou peu présentes)","PPH","2018"
"Surface pastorale herbe prédominante et ressources fourragères ligneuses présentes","SPH","2018"
"Surface pastorale ressources fourragères ligneuses prédominantes (ATTENTION : ces surfaces sont admissibles aux aides du 1er pilier de la PAC uniquement dans les départements 01, 04, 05, 06, 07, 09, 11, 12, 13, 15, 19, 2A, 2B, 23, 24, 26, 30, 31, 32, 34, 38, 42, 43, 46, 47, 48, 63, 64, 65, 66, 69, 73, 74, 81, 82, 83, 84 et 87)","SPL","2018"
"Mélisse","MLI","2018"
"Menthe","MTH","2018"
"Millepertuis","MLP","2018"
"Oseille","OSE","2018"
"Ortie","ORT","2018"
"Pâquerette","PAQ","2018"
"Pensée","PSE","2018"
"Persil","PSL","2018"
"Plantain psyllium","PSY","2018"
"Primevère","PMV","2018"
"Psyllium noir de Provence","PSN","2018"
"Romarin","ROM","2018"
"Sariette","SRI","2018"
"Sauge","SGE","2018"
"Thym","THY","2018"
"Valériane","VAL","2018"
"Véronique","VER","2018"
"Autres plantes ornementales et PPAM annuelles","PPA","2018"
"Autres plantes ornementales et PPAM pérennes *","PPP","2018"
"Serradelle déshydratée","SED","2018"
"Trèfle déshydraté","TRD","2018"
"Vesce déshydratée","VED","2018"
"Autre protéagineux d'un autre genre *","PAG","2018"
"Mélange de légumineuses déshydratées ** (entre elles)","MLD","2018"
"Mélange de protéagineux (pois et/ou lupin et/ou féverole)","MPP","2018"
"Mélange de protéagineux prépondérants (pois et/ou lupin et/ou féverole) et de céréales","MPC","2018"
"Phacélie de 5 ans ou moins","PCL","2018"
"Ray-grass de 5 ans ou moins","RGA","2018"
"X-Festulolium de 5 ans ou moins","XFE","2018"
"Autre graminée fourragère pure de 5 ans ou moins","GFP","2018"
"Mélange de légumineuses prépondérantes et de graminées fourragères de 5 ans ou moins","MLG","2018"
"Autre prairie temporaire de 5 ans ou moins","PTR","2018"
"Chanvre","CHV","2018"
"Lin fibres","Lin fibres","Lin fibres"
"Autre plante fourragère sarclée d'un autre genre","FSG","2018"
"Autre fourrage annuel d'un autre genre *","FAG","2018"
"Fourrage composé de céréales et/ou de protéagineux (en proportion < 50%) et/ou de légumineuses fourragères (en proportion < 50%)","CPL","2018"
"Ananas","ANA","2018"
"Banane créole (fruit et légume) autre","BCA","2018"
"Banane créole (fruit et légume) fermage","BCF","2018"
"Banane créole (fruit et légume) indivision","BCI","2018"
"Banane créole (fruit et légume) propriété ou faire valoir direct","BCP","2018"
"Banane créole (fruit et légume) réforme foncière","BCR","2018"
"Banane export autre","BEA","2018"
"Banane export fermage","BEF","2018"
"Banane export indivision","BEI","2018"
"Banane export propriété ou faire valoir direct","BEP","2018"
"Banane export réforme foncière","BER","2018"
"Café / Cacao","CAC","2018"
"Canne à sucre autre","CSA","2018"
"Canne à sucre fermage","CSF","2018"
"Canne à sucre indivision","CSI","2018"
"Canne à sucre propriété ou faire valoir direct","CSP","2018"
"Canne à sucre réforme foncière","CSR","2018"
"Culture sous abattis","CUA","2018"
"Curcuma","CUR","2018"
"Géranium","GER","2018"
"Horticulture ornementale de plein champ","HPC","2018"
"Horticulture ornementale sous abri","HSA","2018"
"Légume sous abri","LSA","2018"
"Plante à parfum (autre que géranium et vétiver)","PPF","2018"
"Plante aromatique (autre que vanille)","PAR","2018"
"Plante médicinale","PMD","2018"
"Tubercule tropical","TBT","2018"
"Vanille","VNL","2018"
"Vanille sous bois","VNB","2018"
"Vanille verte","VNV","2018"
"Verger (DOM)","VGD","2018"
"Vétiver","VET","2018"
"Ylang-ylang","YLA","2018"
"Autre culture non précisée dans la liste (admissible)","ACA","2018"
"Ail","AIL","2018"
"Artichaut","ART","2018"
"Aubergine","AUB","2018"
"Avocat","AVO","2018"
"Betterave non fourragère / Bette","BTN","2018"
"Carotte","CAR","2018"
"Céleri","CEL","2018"
"Chicorée / Endive / Scarole","CES","2018"
"Chou","CHU","2018"
"Concombre / Cornichon","CCN","2018"
"Courge musquée/Butternut","CMB","2018"
"Courgette / Citrouille","CCT","2018"
"Cresson","CRS","2018"
"Epinard","EPI","2018"
"Fève","FEV","2018"
"Fraise","FRA","2018"
"Haricot / Flageolet","HAR","2018"
"Houblon","HBL","2018"
"Laitue / Batavia / Feuille de chêne","LBF","2018"
"Mâche","MAC","2018"
"Lotier implanté pour la récolte 2018","L08","2018"
"Autre lotier","LOT","2018"
"Minette implanté pour la récolte 2017","MI7","2018"
"Minette implanté pour la récolte 2018","MI8","2018"
"Autre minette","MIN","2018"
"Pois chiche","PCH","2018"
"Orge de printemps","ORP","2017"
"Riz","RIZ","2017"
"Sarrasin","SRS","2017"
"Seigle d'hiver","SGH","2017"
"Seigle de printemps","SGP","2017"
"Sorgho","SOG","2017"
"Triticale d'hiver","TTH","2017"
"Triticale de printemps","TTP","2017"
"Autre céréale d'hiver de genre Avena","CHA","2017"
"Autre céréale d'hiver de genre Hordeum","CHH","2017"
"Autre céréale d'hiver de genre Secale","CHS","2017"
"Autre céréale d'hiver de genre Triticum","CHT","2017"
"Autre céréale de printemps de genre Avena","CPA","2017"
"Autre céréale de printemps de genre Hordeum","CPH","2017"
"Jachère de 5 ans ou moins","J5M","2017"
"Jachère de 6 ans ou plus déclarée comme SIE","J6S","2017"
"Jachère de 6 ans ou plus","J6P","2017"
"Jachère noire","JNO","2017"
"Soja","SOJ","2017"
"Tournesol","TRN","2017"
"Autre oléagineux d'hiver d'espèce Brassica napus","OHN","2017"
"Autre oléagineux d'hiver d'espèce Brassica rapa","OHR","2017"
"Autre oléagineux de printemps d'espèce Brassica napus","OPN","2017"
"Autre oléagineux de printemps d'espèce Brassica rapa","OPR","2017"
"Autre oléagineux d'espèce Helianthus","OEH","2017"
"Autre oléagineux d'un autre genre *","OAG","2017"
"Mélange d'oléagineux","MOL","2017"
"Sainfoin implanté pour la récolte 2015","SA5","2017"
"Sainfoin implanté pour la récolte 2016","SA6","2017"
"Sainfoin implanté pour la récolte 2017","SA7","2017"
"Autre sainfoin","SAI","2017"
"Serradelle implantée pour la récolte 2015","SE5","2017"
"Serradelle implantée pour la récolte 2016","SE6","2017"
"Serradelle implantée pour la récolte 2017","SE7","2017"
"Autre serradelle","SER","2017"
"Trèfle implanté pour la récolte 2015","TR5","2017"
"Trèfle implanté pour la récolte 2016","TR6","2017"
"Trèfle implanté pour la récolte 2017","TR7","2017"
"Autre trèfle","TRE","2017"
"Vesce implantée pour la récolte 2015","VE5","2017"
"Vesce implantée pour la récolte 2016","VE6","2017"
"Vesce implantée pour la récolte 2017","VE7","2017"
"Autre vesce","VES","2017"
"Mélange de légumineuses fourragères * implantées pour la récolte 2015 (entre elles)","ML5","2017"
"Mélange de légumineuses fourragères * implantées pour la récolte 2016 (entre elles)","ML6","2017"
"Mélange de légumineuses fourragères * implantées pour la récolte 2017 (entre elles)","ML7","2017"
"Mélange de légumineuses fourragères * prépondérantes au semis implantées pour la récolte 2015 et de céréales","MC5","2017"
"Mélange de légumineuses fourragères * prépondérantes au semis implantées pour la récolte 2016 et de céréales","MC6","2017"
"Mélange de légumineuses fourragères * prépondérantes au semis implantées pour la récolte 2017 et de céréales er d'oléagineux","MC7","2017"
"Mélange de légumineuses fourragères * prépondérantes au semis implantées pour la récolte 2015 et d'herbacées ou de graminées fourragères","MH5","2017"
"Mélange de légumineuses fourragères * prépondérantes au semis implantées pour la récolte 2016 et d'herbacées ou de graminées fourragères","MH6","2017"
"Mélange de légumineuses fourragères * prépondérantes au semis implantées pour la récolte 2017 et d'herbacées ou de graminées fourragères","MH7","2017"
"Féverole fourragère implantée pour la récolte 2015","FF5","2017"
"Féverole fourragère implantée pour la récolte 2016","FF6","2017"
"Féverole fourragère implantée pour la récolte 2017","FF7","2017"
"Autre féverole fourragère","FFO","2017"
"Jarosse implantée pour la récolte 2015","J05","2017"
"Jarosse implantée pour la récolte 2016","J06","2017"
"Jarosse implantée pour la récolte 2017","J07","2017"
"Autre jarosse","JOS","2017"
"Lupin fourrager d'hiver implanté pour la récolte 2015","LH5","2017"
"Lupin fourrager d'hiver implanté pour la récolte 2016","LH6","2017"
"Lupin fourrager d'hiver implanté pour la récolte 2017","LH7","2017"
"Autre lupin fourrager d'hiver","LFH","2017"
"Lupin fourrager de printemps implanté pour la récolte 2015","LP5","2017"
"Lupin fourrager de printemps implanté pour la récolte 2016","LP6","2017"
"Lupin fourrager de printemps implanté pour la récolte 2017","LP7","2017"
"Autre lupin fourrager de printemps","LFP","2017"
"Luzerne implantée pour la récolte 2015","LU5","2017"
"Luzerne implantée pour la récolte 2016","LU6","2017"
"Luzerne implantée pour la récolte 2017","LU7","2017"
"Autre luzerne","LUZ","2017"
"Mélilot implanté pour la récolte 2015","ME5","2017"
"Mélilot implanté pour la récolte 2016","ME6","2017"
"Mélilot implanté pour la récolte 2017","ME7","2017"
"Autre mélilot","MEL","2017"
"Pois fourrager d'hiver implanté pour la récolte 2015","PH5","2017"
"Pois fourrager d'hiver implanté pour la récolte 2016","PH6","2017"
"Pois fourrager d'hiver implanté pour la récolte 2017","PH7","2017"
"Autre pois fourrager d'hiver","PFH","2017"
"Pois fourrager de printemps implanté pour la récolte 2015","PP5","2017"
"Pois fourrager de printemps implanté pour la récolte 2016","PP6","2017"
"Pois fourrager de printemps implanté pour la récolte 2017","PP7","2017"
"Autre pois fourrager de printemps","PFP","2017"
"Petit fruit rouge *","PFR","2017"
"Pistache","PIS","2017"
"Poire Williams pour transformation","PWT","2017"
"Prune d'Ente pour transformation","PRU","2017"
"Verger (fruits non transformés)","VRG","2017"
"Vigne raisins de cuve","VRC","2017"
"Vigne raisins de table","VRT","2017"
"Restructuration du vignoble","RVI","2017"
"Phacélie de 5 ans ou moins","PCL","2017"
"Ray-grass de 5 ans ou moins","RGA","2017"
"X-Festulolium de 5 ans ou moins","XFE","2017"
"Autre graminée fourragère pure de 5 ans ou moins","GFP","2017"
"Mélange de légumineuses prépondérantes au semis et de graminées fourragères de 5 ans ou moins","MLG","2017"
"Autre prairie temporaire de 5 ans ou moins","PTR","2017"
"Aneth","ANE","2017"
"Angélique","ANG","2017"
"Anis","ANI","2017"
"Bardane","BAR","2017"
"Basilic","BAS","2017"
"Bleuet","BLT","2017"
"Bugle rampant","BUR","2017"
"Camomille","CMM","2017"
"Carvi","CAV","2017"
"Cerfeuil","CRF","2017"
"Chardon Marie","CHR","2017"
"Ciboulette","CIB","2017"
"Coriandre","CRD","2017"
"Cumin","CUM","2017"
"Estragon","EST","2017"
"Fenouil","FNO","2017"
"Gaillet","GAI","2017"
"Lavande/Lavandin","LAV","2017"
"Marguerite","MRG","2017"
"Marjolaine / Origan","MRJ","2017"
"Mauve","MAV","2017"
"Cameline","CML","2017"
"Colza d'hiver","CZH","2017"
"Colza de printemps","CZP","2017"
"Lin non textile d'hiver","LIH","2017"
"Lin non textile de printemps","LIP","2017"
"Moutarde","MOT","2017"
"Navette d'été","NVE","2017"
"Navette d'hiver","NVH","2017"
"Nyger","NYG","2017"
"Œillette","OEI","2017"
"Chanvre","CHV","2017"
"Autre céréale de genre Fagopyrum","CGF","2017"
"Autre céréale d'un autre genre *","CAG","2017"
"Mélange de céréales","MCR","2017"
"Betterave fourragère","BVF","2017"
"Carotte fourragère","CAF","2017"
"Chou fourrager","CHF","2017"
"Lentille fourragère","LEF","2017"
"Navet fourrager","NVF","2017"
"Radis fourrager","RDF","2017"
"Avoine d'hiver","AVH","2017"
"Avoine de printemps","AVP","2017"
"Blé dur d'hiver","BDH","2017"
"Blé dur de printemps","BDP","2017"
"Blé dur de printemps semé tardivement","BDT","2017"
"Blé tendre d'hiver","BTH","2017"
"Blé tendre de printemps","BTP","2017"
"Épeautre","EPE","2017"
"Maïs doux","MID","2017"
"Maïs ensilage","MIE","2017"
"Maïs","MIS","2017"
"Millet","MLT","2017"
"Moha","MOH","2017"
"Orge d'hiver","ORH","2017"
"Autre céréale de printemps de genre Secale","CPS","2017"
"Autre céréale de printemps de genre Triticum","CPT","2017"
"Autre céréale de printemps de genre Zea","CPZ","2017"
"Autre céréale de genre Phalaris","CGH","2017"
"Autre céréale de genre Panicum","CGP","2017"
"Autre céréale de genre Sorghum","CGO","2017"
"Autre céréale de genre Setaria","CGS","2017"
"Bande admissible le long d'une forêt avec production","BFP","2017"
"Bande admissible le long d'une forêt sans production","BFS","2017"
"Bande tampon","BTA","2017"
"Bordure de champ","BOR","2017"
"Cultures conduites en inter- rangs 2 cultures représentant chacune plus de 25%","CID","2017"
"Cultures conduites en interrangs 3 cultures repré- sentant chacune plus de 25%","CIT","2017"
"Prairie en rotation longue (6 ans ou plus)","PRL","2017"
"Prairie permanente herbe prédominante (ressources fourragères ligneuses absentes ou peu présentes)","PPH","2017"
"Surface pastorale ressources fourragères ligneuses prédominantes (ATTENTION code mobilisable uniquement dans les départements 04, 05, 06, 07, 09, 11, 12, 13, 15, 2A, 2B, 26, 30, 31, 34, 38, 46, 48, 64, 65, 66, 83 et 84)","SPL","2017"
"Surface pastorale herbe prédominante et ressources fourragères ligneuses présentes","SPH","2017"
"Lotier implanté pour la récolte 2017","L07","2017"
"Autre lotier","LOT","2017"
"Minette implanté pour la récolte 2017","MI7","2017"
"Autre minette","MIN","2017"
"Pois chiche","PCH","2017"
"Féverole","FVL","2017"
"Jarosse déshydratée","JOD","2017"
"Lupin doux d'hiver","LDH","2017"
"Lupin doux de printemps","LDP","2017"
"Luzerne déshydratée","LUD","2017"
"Mélilot déshydraté","MED","2017"
"Pois d'hiver","PHI","2017"
"Pois de printemps","PPR","2017"
"Sainfoin déshydraté","SAD","2017"
"Agrume","AGR","2017"
"Caroube","CAB","2017"
"Cerise bigarreau pour transformation","CBT","2017"
"Châtaigne","CTG","2017"
"Noisette","NOS","2017"
"Noix","NOX","2017"
"Oliveraie","OLI","2017"
"Pêche Pavie pour transformation","PVT","2017"
"Pépinière","PEP","2017"
"Ananas","ANA","2017"
"Banane créole (fruit et légume) autre","BCA","2017"
"Banane créole (fruit et légume) fermage","BCF","2017"
"Banane créole (fruit et légume) indivision","BCI","2017"
"Banane créole (fruit et légume) propriété ou faire valoir direct","BCP","2017"
"Banane créole (fruit et légume) réforme foncière","BCR","2017"
"Banane export autre","BEA","2017"
"Banane export fermage","BEF","2017"
"Banane export indivision","BEI","2017"
"Banane export propriété ou faire valoir direct","BEP","2017"
"Banane export réforme foncière","BER","2017"
"Café / Cacao","CAC","2017"
"Canne à sucre autre","CSA","2017"
"Canne à sucre fermage","CSF","2017"
"Canne à sucre indivision","CSI","2017"
"Canne à sucre propriété ou faire valoir direct","CSP","2017"
"Canne à sucre réforme foncière","CSR","2017"
"Bourrache de 5 ans ou moins","BRH","2017"
"Brôme de 5 ans ou moins","BRO","2017"
"Cresson alénois de 5 ans ou moins","CRA","2017"
"Dactyle de 5 ans ou moins","DTY","2017"
"Fétuque de 5 ans ou moins","FET","2017"
"Fléole de 5 ans ou moins","FLO","2017"
"Paturin commun de 5 ans ou moins","PAT","2017"
"Autre mélange de plantes fixant l'azote","MPA","2017"
"Miscanthus","MCT","2017"
"Culture sous serre hors sol","CSS","2017"
"Taillis à courte rotation","TCR","2017"
"Truffière (chênaie de plants mycorhizés)","TRU","2017"
"Surface boisée sur une ancienne terre agricole","SBO","2017"
"Surface agricole temporairement non exploitée","SNE","2017"
"Marais salant","MRS","2017"
"Autre plante fourragère sarclée d'un autre genre","FSG","2017"
"Autre fourrage annuel d'un autre genre *","FAG","2017"
"Fourrage composé de céréales et/ou de protéagineux (en proportion < 50%) et/ou de légumineuses fourragères (en proportion < 50%)","CPL","2017"
"Mélisse","MLI","2017"
"Menthe","MTH","2017"
"Millepertuis","MLP","2017"
"Oseille","OSE","2017"
"Ortie","ORT","2017"
"Pâquerette","PAQ","2017"
"Pensée","PSE","2017"
"Persil","PSL","2017"
"Plantain psyllium","PSY","2017"
"Primevère","PMV","2017"
"Psyllium noir de Provence","PSN","2017"
"Romarin","ROM","2017"
"Sariette","SRI","2017"
"Sauge","SGE","2017"
"Thym","THY","2017"
"Valériane","VAL","2017"
"Véronique","VER","2017"
"Autres plantes ornementales et PPAM annuelles","PPA","2017"
"Autres plantes ornementales et PPAM pérennes *","PPP","2017"
"Serradelle déshydratée","SED","2017"
"Trèfle déshydraté","TRD","2017"
"Vesce déshydratée","VED","2017"
"Autre protéagineux d'un autre genre *","PAG","2017"
"Mélange de légumineuses déshydratées ** (entre elles)","MLD","2017"
"Mélange de protéagineux prépondérants (pois et/ou lupin et/ou féverole) et de céréales","MPC","2017"
"Bois pâturé","BOP","2017"
"Châtaigneraie entretenue par des porcins ou des petits ruminants (ATTENTION code mobi- lisable uniquement en Corse et Petite région des causses cévenols et méridionaux)","CAE","2017"
"Chênaie entretenue par des porcins ou des petits ruminants (ATTENTION code mobili- sable uniquement en Corse et Petite région des causses cévenols et méridionaux)","CEE","2017"
"Roselière","Roselière","Roselière"
"Lin fibres","Lin fibres","Lin fibres"
"Ail","AIL","2017"
"Artichaut","ART","2017"
"Aubergine","AUB","2017"
"Avocat","AVO","2017"
"Betterave non fourragère / Bette","BTN","2017"
"Carotte","CAR","2017"
"Céleri","CEL","2017"
"Chicorée / Endive / Scarole","CES","2017"
"Chou","CHU","2017"
"Concombre / Cornichon","CCN","2017"
"Courge musquée/Butternut","CMB","2017"
"Courgette / Citrouille","CCT","2017"
"Cresson","CRS","2017"
"Epinard","EPI","2017"
"Fève","FEV","2017"
"Fraise","FRA","2017"
"Haricot / Flageolet","HAR","2017"
"Houblon","HBL","2017"
"Laitue / Batavia / Feuille de chêne","LBF","2017"
"Mâche","MAC","2017"
"Culture sous abattis","CUA","2017"
"Curcuma","CUR","2017"
"Géranium","GER","2017"
"Horticulture ornementale de plein champ","HPC","2017"
"Horticulture ornementale sous abri","HSA","2017"
"Légume sous abri","LSA","2017"
"Plante à parfum (autre que géranium et vétiver)","PPF","2017"
"Plante aromatique (autre que vanille)","PAR","2017"
"Plante médicinale","PMD","2017"
"Tubercule tropical","TBT","2017"
"Vanille","VNL","2017"
"Vanille sous bois","VNB","2017"
"Vanille verte","VNV","2017"
"Verger (DOM)","VGD","2017"
"Vétiver","VET","2017"
"Ylang-ylang","YLA","2017"
"Autre culture non précisée dans la liste (admissible)","ACA","2017"
"Melon","MLO","2017"
"Navet","NVT","2017"
"Oignon / Echalotte","OIG","2017"
"Panais","PAN","2017"
"Pastèque","PAS","2017"
"Petits pois","PPO","2017"
"Poireau","POR","2017"
"Poivron / Piment","PVP","2017"
"Pomme de terre de consommation","PTC","2017"
"Pomme de terre féculière","PTF","2017"
"Potiron / Potimarron","POT","2017"
"Radis","RDI","2017"
"Roquette","ROQ","2017"
"Rutabaga","RUT","2017"
"Salsifis","SFI","2017"
"Tabac","TAB","2017"
"Tomate","TOM","2017"
"Tomate pour transformation","TOT","2017"
"Topinambour","TOP","2017"
"Autre légume ou fruit annuel","FLA","2017"
"Autre légume ou fruit pérenne *","FLP","2017"
"Arachide","ARA","2017"
"Cornille","CRN","2017"
"Dolique","DOL","2017"
"Fenugrec","FNU","2017"
"Gesse","GES","2017"
"Lentille cultivée (non fourragère)","LEC","2017"
"Avoine d'hiver","AVH","2016"
"Avoine de printemps","AVP","2016"
"Blé dur d'hiver","BDH","2016"
"Blé dur de printemps","BDP","2016"
"Blé dur de printemps semé tardivement","BDT","2016"
"Blé tendre d'hiver","BTH","2016"
"Blé tendre de printemps","BTP","2016"
"Épeautre","EPE","2016"
"Maïs doux","MID","2016"
"Maïs ensilage","MIE","2016"
"Maïs","MIS","2016"
"Millet","MLT","2016"
"Moha","MOH","2016"
"Orge d'hiver","ORH","2016"
"Autre céréale de printemps de genre Secale","CPS","2016"
"Autre céréale de printemps de genre Triticum","CPT","2016"
"Autre céréale de printemps de genre Zea","CPZ","2016"
"Autre céréale de genre Phalaris","CGH","2016"
"Autre céréale de genre Panicum","CGP","2016"
"Autre céréale de genre Sorghum","CGO","2016"
"Autre céréale de genre Setaria","CGS","2016"
"Serradelle déshydratée","SED","2016"
"Trèfle déshydraté","TRD","2016"
"Vesce déshydratée","VED","2016"
"Autre protéagineux d'un autre genre *","PAG","2016"
"Mélange de légumineuses déshydratées ** (entre elles)","MLD","2016"
"Mélange de protéagineux prépondérants (pois et/ou lupin et/ou féverole) et de céréales","MPC","2016"
"Lentille cultivée (non fourragère)","LEC","2016"
"Lotier","LOT","2016"
"Minette","MIN","2016"
"Pois chiche","PCH","2016"
"Arachide","ARA","2016"
"Cornille","CRN","2016"
"Dolique","DOL","2016"
"Fenugrec","FNU","2016"
"Gesse","GES","2016"
"Petit fruit rouge *","PFR","2016"
"Pistache","PIS","2016"
"Poire Williams pour transformation","PWT","2016"
"Prune d'Ente pour transformation","PRU","2016"
"Verger (fruits non transformés)","VRG","2016"
"Vigne raisins de cuve","VRC","2016"
"Vigne raisins de table","VRT","2016"
"Restructuration du vignoble","RVI","2016"
"Ail","AIL","2016"
"Artichaut","ART","2016"
"Aubergine","AUB","2016"
"Avocat","AVO","2016"
"Betterave non fourragère / Bette","BTN","2016"
"Carotte","CAR","2016"
"Céleri","CEL","2016"
"Chicorée / Endive / Scarole","CES","2016"
"Chou","CHU","2016"
"Concombre / Cornichon","CCN","2016"
"Courge musquée / Butternut","CMB","2016"
"Courgette / Citrouille","CCT","2016"
"Cresson","CRS","2016"
"Epinard","EPI","2016"
"Fève","FEV","2016"
"Fraise","FRA","2016"
"Haricot / Flageolet","HAR","2016"
"Houblon","HBL","2016"
"Laitue / Batavia / Feuille de chêne","LBF","2016"
"Mâche","MAC","2016"
"Melon","MLO","2016"
"Autre mélange de plantes fixant l'azote","MPA","2016"
"Miscanthus","MCT","2016"
"Culture sous serre hors sol","CSS","2016"
"Taillis à courte rotation","TCR","2016"
"Truffière (chênaie de plants mycorhizés)","TRU","2016"
"Surface boisée sur une ancienne terre agricole","SBO","2016"
"Surface agricole temporairement non exploitée","SNE","2016"
"Marais salant","MRS","2016"
"Cameline","CML","2016"
"Colza d'hiver","CZH","2016"
"Colza de printemps","CZP","2016"
"Lin non textile d'hiver","LIH","2016"
"Lin non textile de printemps","LIP","2016"
"Moutarde","MOT","2016"
"Navette d'été","NVE","2016"
"Navette d'hiver","NVH","2016"
"Nyger","NYG","2016"
"Œillette","OEI","2016"
"Chanvre","CHV","2016"
"Autre céréale de genre Fagopyrum","CGF","2016"
"Autre céréale d'un autre genre *","CAG","2016"
"Mélange de céréales","MCR","2016"
"Autre plante fourragère sarclée d'un autre genre","FSG","2016"
"Autre fourrage annuel d'un autre genre *","FAG","2016"
"Fourrage composé de céréales et/ou de protéagineux (en proportion < 50%) et/ou de légumineuses fourragères (en proportion < 50%)","CPL","2016"
"Orge de printemps","ORP","2016"
"Riz","RIZ","2016"
"Sarrasin","SRS","2016"
"Seigle d'hiver","SGH","2016"
"Seigle de printemps","SGP","2016"
"Sorgho","SOG","2016"
"Triticale d'hiver","TTH","2016"
"Triticale de printemps","TTP","2016"
"Autre céréale d'hiver de genre Avena","CHA","2016"
"Autre céréale d'hiver de genre Hordeum","CHH","2016"
"Autre céréale d'hiver de genre Secale","CHS","2016"
"Autre céréale d'hiver de genre Triticum","CHT","2016"
"Autre céréale de printemps de genre Avena","CPA","2016"
"Autre céréale de printemps de genre Hordeum","CPH","2016"
"Soja","SOJ","2016"
"Tournesol","TRN","2016"
"Autre oléagineux d'hiver d'espèce Brassica napus","OHN","2016"
"Autre oléagineux d'hiver d'espèce Brassica rapa","OHR","2016"
"Autre oléagineux de printemps d'espèce Brassica napus","OPN","2016"
"Autre oléagineux de printemps l'espèce Brassica rapa","OPR","2016"
"Autre oléagineux d'espèce Helianthus","OEH","2016"
"Autre oléagineux d'un autre genre *","OAG","2016"
"Mélange d'oléagineux","MOL","2016"
"Mauve","MAV","2016"
"Mélisse","MLI","2016"
"Menthe","MTH","2016"
"Millepertuis","MLP","2016"
"Oseille","OSE","2016"
"Pâquerette","PAQ","2016"
"Pensée","PSE","2016"
"Persil","PSL","2016"
"Plantain psyllium","PSY","2016"
"Primevère","PMV","2016"
"Psyllium noir de Provence","PSN","2016"
"Romarin","ROM","2016"
"Sariette","SRI","2016"
"Sauge","SGE","2016"
"Thym","THY","2016"
"Valériane","VAL","2016"
"Véronique","VER","2016"
"Autre PPAM annuelle","PPA","2016"
"Autre PPAM pérenne *","PPP","2016"
"Betterave fourragère","BVF","2016"
"Carotte fourragère","CAF","2016"
"Chou fourrager","CHF","2016"
"Lentille fourragère","LEF","2016"
"Navet fourrager","NVF","2016"
"Radis fourrager","RDF","2016"
"Féverole","FVL","2016"
"Jarosse déshydratée","JOD","2016"
"Lupin doux d'hiver","LDH","2016"
"Lupin doux de printemps","LDP","2016"
"Luzerne déshydratée","LUD","2016"
"Mélilot déshydraté","MED","2016"
"Pois d'hiver","PHI","2016"
"Pois de printemps","PPR","2016"
"Sainfoin déshydraté","SAD","2016"
"Bande admissible le long d'une forêt avec production","BFP","2016"
"Bande admissible le long d'une forêt sans production","BFS","2016"
"Bande tampon","BTA","2016"
"Bordure de champ","BOR","2016"
"Cultures conduites en inter- rangs 2 cultures représentant chacune plus de 25%","CID","2016"
"Cultures conduites en interrangs 3 cultures repré- sentant chacune plus de 25%","CIT","2016"
"Ananas","ANA","2016"
"Banane créole (fruit et légume) autre","BCA","2016"
"Banane créole (fruit et légume) fermage","BCF","2016"
"Banane créole (fruit et légume) - indivision","BCI","2016"
"Banane créole (fruit et légume) propriété ou faire valoir direct","BCP","2016"
"Banane créole (fruit et légume) réforme foncière","BCR","2016"
"Banane export autre","BEA","2016"
"Banane export fermage","BEF","2016"
"Banane export indivision","BEI","2016"
"Banane export propriété ou faire valoir direct","BEP","2016"
"Banane export réforme foncière","BER","2016"
"Café Cacao","CAC","2016"
"Canne à sucre autre","CSA","2016"
"Canne à sucre fermage","CSF","2016"
"Canne à sucre indivision","CSI","2016"
"Canne à sucre - propriété ou faire valoir direct","CSP","2016"
"Canne à sucre - réforme foncière","CSR","2016"
"Prairie en rotation longue (6 ans ou plus)","PRL","2016"
"Prairie permanente herbe prédominante (ressources fourragères ligneuses absentes ou peu présentes)","PPH","2016"
"Surface pastorale ressources fourragères ligneuses prédominantes","SPL","2016"
"Surface pastorale herbe prédominante et ressources fourragères ligneuses présentes","SPH","2016"
"Bois pâturé","BOP","2016"
"Châtaigneraie entretenue par des porcins ou des petits ruminants (Corse et Petite région des causses cévenols et méridionaux)","CAE","2016"
"Chênaie entretenue par des porcins ou des petits ruminants (Corse et Petite région des causses cévenols et méridionaux)","CEE","2016"
"Roselière","Roselière","Roselière"
"Agrume","AGR","2016"
"Caroube","CAB","2016"
"Cerise bigarreau pour transformation","CBT","2016"
"Châtaigne","CTG","2016"
"Noisette","NOS","2016"
"Noix","NOX","2016"
"Oliveraie","OLI","2016"
"Pêche Pavie pour transformation","PVT","2016"
"Pépinière","PEP","2016"
"Bourrache de 5 ans ou moins","BRH","2016"
"Brôme de 5 ans ou moins","BRO","2016"
"Cresson alénois de 5 ans ou moins","CRA","2016"
"Dactyle de 5 ans ou moins","DTY","2016"
"Fétuque de 5 ans ou moins","FET","2016"
"Fléole de 5 ans ou moins","FLO","2016"
"Paturin commun de 5 ans ou moins","PAT","2016"
"Aneth","ANE","2016"
"Angélique","ANG","2016"
"Anis","ANI","2016"
"Bardane","BAR","2016"
"Basilic","BAS","2016"
"Bleuet","BLT","2016"
"Bugle rampant","BUR","2016"
"Camomille","CMM","2016"
"Carvi","CAV","2016"
"Cerfeuil","CRF","2016"
"Chardon Marie","CHR","2016"
"Ciboulette","CIB","2016"
"Coriandre","CRD","2016"
"Cumin","CUM","2016"
"Estragon","EST","2016"
"Fenouil","FNO","2016"
"Gaillet","GAI","2016"
"Lavande /Lavandin","LAV","2016"
"Marguerite","MRG","2016"
"Marjolaine / Origan","MRJ","2016"
"Lin fibres","Lin fibres","Lin fibres"
"Phacélie de 5 ans ou moins","PCL","2016"
"Ray-grass de 5 ans ou moins","RGA","2016"
"X-Festulolium de 5 ans ou moins","XFE","2016"
"Autre graminée fourragère pure de 5 ans ou moins","GFP","2016"
"Mélange de légumineuses prépondérantes au semis et de graminées fourragères de 5 ans ou moins","MLG","2016"
"Autre prairie temporaire de 5 ans ou moins","PTR","2016"
"Jachère de 5 ans ou moins","J5M","2016"
"Jachère de 6 ans ou plus déclarée comme SIE","J6S","2016"
"Jachère de 6 ans ou plus","J6P","2016"
"Jachère noire","JNO","2016"
"Sainfoin implanté pour la récolte 2015","SA5","2016"
"Sainfoin implanté pour la récolte 2016","SA6","2016"
"Autre sainfoin","SAI","2016"
"Serradelle implantée pour la récolte 2015","SE5","2016"
"Serradelle implantée pour la récolte 2016","SE6","2016"
"Autre serradelle","SER","2016"
"Trèfle implanté pour la récolte 2015","TR5","2016"
"Trèfle implanté pour la récolte 2016","TR6","2016"
"Autre trèfle","TRE","2016"
"Vesce implantée pour la récolte 2015","VE5","2016"
"Vesce implantée pour la récolte 2016","VE6","2016"
"Autre vesce","VES","2016"
"Mélange de légumineuses fourragères * implantées pour la récolte 2015 (entre elles)","ML5","2016"
"Mélange de légumineuses fourragères * implantées pour la récolte 2016 (entre elles)","ML6","2016"
"Mélange de légumineuses fourragères * prépondérantes au semis implantées pour la récolte 2015 et de céréales","MC5","2016"
"Mélange de légumineuses fourragères * prépondérantes au semis implantées pour la récolte 2016 et de céréales","MC6","2016"
"Mélange de légumineuses fourragères * prépondérantes au semis implantées pour la récolte 2015 et d'herbacées ou de graminées fourragères","MH5","2016"
"Mélange de légumineuses fourragères * prépondérantes au semis implantées pour la récolte 2016 et d'herbacées ou de graminées fourragères","MH6","2016"
"Culture sous abattis","CUA","2016"
"Curcuma","CUR","2016"
"Géranium","GER","2016"
"Horticulture ornementale de plein champ","HPC","2016"
"Horticulture ornementale sous abri","HSA","2016"
"Légume sous abri","LSA","2016"
"Plante à parfum (autre que géranium et vétiver)","PPF","2016"
"Plante aromatique (autre que vanille)","PAR","2016"
"Plante médicinale","PMD","2016"
"Tubercule tropical","TBT","2016"
"Vanille","VNL","2016"
"Vanille sous bois","VNB","2016"
"Vanille verte","VNV","2016"
"Verger (DOM)","VGD","2016"
"Vétiver","VET","2016"
"Ylang-ylang","YLA","2016"
"Autre culture non précisée dans la liste (admissible)","ACA","2016"
"Navet","NVT","2016"
"Oignon / Echalotte","OIG","2016"
"Panais","PAN","2016"
"Pastèque","PAS","2016"
"Petits pois","PPO","2016"
"Poireau","POR","2016"
"Poivron / Piment","PVP","2016"
"Pomme de terre de consommation","PTC","2016"
"Pomme de terre féculière","PTF","2016"
"Potiron / Potimarron","POT","2016"
"Radis","RDI","2016"
"Roquette","ROQ","2016"
"Rutabaga","RUT","2016"
"Salsifis","SFI","2016"
"Tabac","TAB","2016"
"Tomate","TOM","2016"
"Tomate pour transformation","TOT","2016"
"Topinambour","TOP","2016"
"Autre légume ou fruit annuel","FLA","2016"
"Autre légume ou fruit pérenne *","FLP","2016"
"Féverole fourragère implantée pour la récolte 2015","FF5","2016"
"Féverole fourragère implantée pour la récolte 2016","FF6","2016"
"Autre féverole fourragère","FFO","2016"
"Jarosse implantée pour la récolte 2015","J05","2016"
"Jarosse implantée pour la récolte 2016","J06","2016"
"Autre jarosse","JOS","2016"
"Lupin fourrager d'hiver implanté pour la récolte 2015","LH5","2016"
"Lupin fourrager d'hiver implanté pour la récolte 2016","LH6","2016"
"Autre lupin fourrager d'hiver","LFH","2016"
"Lupin fourrager de printemps implanté pour la récolte 2015","LP5","2016"
"Lupin fourrager de printemps implanté pour la récolte 2016","LP6","2016"
"Autre lupin fourrager de printemps","LFP","2016"
"Luzerne implantée pour la récolte 2015","LU5","2016"
"Luzerne implantée pour la récolte 2016","LU6","2016"
"Autre luzerne","LUZ","2016"
"Mélilot implanté pour la récolte 2015","ME5","2016"
"Mélilot implanté pour la récolte 2016","ME6","2016"
"Autre mélilot","MEL","2016"
"Pois fourrager d'hiver implanté pour la récolte 2015","PH5","2016"
"Pois fourrager d'hiver implanté pour la récolte 2016","PH6","2016"
"Autre pois fourrager d'hiver","PFH","2016"
"Pois fourrager de printemps implanté pour la récolte 2015","PP5","2016"
"Pois fourrager de printemps implanté pour la récolte 2016","PP6","2016"
"Autre pois fourrager de printemps","PFP","2016"
"Millet","MLT","2015"
"Moha","MOH","2015"
"Orge d'hiver","ORH","2015"
"Orge de printemps","ORP","2015"
"Riz","RIZ","2015"
"Sarrasin","SRS","2015"
"Seigle d'hiver","SGH","2015"
"Seigle de printemps","SGP","2015"
"Sorgho","SOG","2015"
"Triticale d'hiver","TTH","2015"
"Triticale de printemps","TTP","2015"
"Autre céréale d'hiver de genre Avena","CHA","2015"
"Autre céréale d'hiver de genre Hordeum","CHH","2015"
"Autre céréale d'hiver de genre Secale","CHS","2015"
"Autre céréale d'hiver de genre Triticum","CHT","2015"
"Autre céréale de printemps de genre Avena","CPA","2015"
"Autre céréale de printemps de genre Hordeum","CPH","2015"
"Autre céréale de printemps de genre Secale","CPS","2015"
"Autre céréale de printemps de genre Triticum","CPT","2015"
"Autre céréale de printemps de genre Zea","CPZ","2015"
"Autre céréale de genre Phalaris","CGH","2015"
"Autre céréale de genre Panicum","CGP","2015"
"Autre céréale de genre Sorghum","CGO","2015"
"Autre céréale de genre Setaria","CGS","2015"
"Autre céréale de genre Fagopyrum","CGF","2015"
"Autre céréale d'un autre genre *","CAG","2015"
"Mélange de céréales","MCR","2015"
"Autre pois fourrager de printemps","PFP","2015"
"Sainfoin implanté pour la récolte 2015","SA5","2015"
"Autre sainfoin","SAI","2015"
"Serradelle implantée pour la récolte 2015","SE5","2015"
"Autre serradelle","SER","2015"
"Trèfle implanté pour la récolte 2015","TR5","2015"
"Autre trèfle","TRE","2015"
"Vesce implantée pour la récolte 2015","VE5","2015"
"Autre vesce","VES","2015"
"Mélange de légumineuses fourragères * implantées pour la récolte 2015 (entre elles)","ML5","2015"
"Mélange de légumineuses fourragères * prépondérantes au semis implantées pour la récolte 2015 et de céréales","MC5","2015"
"Mélange de légumineuses fourragères * prépondérantes au semis implantées pour la récolte 2015 et d'herbacées ou de graminées fourragères","MH5","2015"
"Féverole fourragère implantée pour la récolte 2015","FF5","2015"
"Autre féverole fourragère","FFO","2015"
"Jarosse implantée pour la récolte 2015","J05","2015"
"Autre jarosse","JOS","2015"
"Lupin fourrager d'hiver implanté pour la récolte 2015","LH5","2015"
"Autre lupin fourrager d'hiver","LFH","2015"
"Lupin fourrager de printemps implanté pour la récolte 2015","LP5","2015"
"Autre lupin fourrager de printemps","LFP","2015"
"Luzerne implantée pour la récolte 2015","LU5","2015"
"Autre luzerne","LUZ","2015"
"Mélilot implanté pour la récolte 2015","ME5","2015"
"Autre mélilot","MEL","2015"
"Pois fourrager d'hiver implanté pour la récolte 2015","PH5","2015"
"Autre pois fourrager d'hiver","PFH","2015"
"Pois fourrager de printemps implanté pour la récolte 2015","PP5","2015"
"Agrume","AGR","2015"
"Caroube","CAB","2015"
"Cerise bigarreau pour transformation","CBT","2015"
"Châtaigne","CTG","2015"
"Noisette","NOS","2015"
"Noix","NOX","2015"
"Oliveraie","OLI","2015"
"Pêche Pavie pour transformation","PVT","2015"
"Pépinière","PEP","2015"
"Navet","NVT","2015"
"Oignon/Echalotte","OIG","2015"
"Panais","PAN","2015"
"Pastèque","PAS","2015"
"Petits pois","PPO","2015"
"Poireau","POR","2015"
"Poivron / Piment","PVP","2015"
"Pomme de terre de consommation","PTC","2015"
"Pomme de terre féculière","PTF","2015"
"Potiron / Potimarron","POT","2015"
"Radis","RDI","2015"
"Roquette","ROQ","2015"
"Rutabaga","RUT","2015"
"Salsifis","SFI","2015"
"Tabac","TAB","2015"
"Tomate","TOM","2015"
"Tomate pour transformation","TOT","2015"
"Topinambour","TOP","2015"
"Autre légume ou fruit annuel","FLA","2015"
"Autre légume ou fruit pérenne *","FLP","2015"
"Autre mélange de plantes fixant l'azote","MPA","2015"
"Miscanthus","MCT","2015"
"Taillis à courte rotation","TCR","2015"
"Truffière (chênaie de plants mycorhizés)","TRU","2015"
"Surface boisée sur une ancienne terre agricole","SBO","2015"
"Surface agricole temporairement non exploitée","SNE","2015"
"Surface non agricole non visible sur l'orthophoto","SNA","2015"
"Marais salant","MRS","2015"
"Cameline","CML","2015"
"Colza d'hiver","CZH","2015"
"Colza de printemps","CZP","2015"
"Lin non textile d'hiver","LIH","2015"
"Lin non textile de printemps","LIP","2015"
"Moutarde","MOT","2015"
"Navette d'été","NVE","2015"
"Navette d'hiver","NVH","2015"
"Nyger","NYG","2015"
"Œillette","OEI","2015"
"Chanvre","CHV","2015"
"Betterave fourragère","BVF","2015"
"Carotte fourragère","CAF","2015"
"Chou fourrager","CHF","2015"
"Lentille fourragère","LEF","2015"
"Navet fourrager","NVF","2015"
"Radis fourrager","RDF","2015"
"Jachère de 5 ans ou moins","J5M","2015"
"Jachère de 6 ans ou plus déclarée comme SIE","J6S","2015"
"Jachère de 6 ans ou plus","J6P","2015"
"Jachère noire","JNO","2015"
"Avoine d'hiver","AVH","2015"
"Avoine de printemps","AVP","2015"
"Blé dur d'hiver","BDH","2015"
"Blé dur de printemps","BDP","2015"
"Blé dur de printemps semé tardivement","BDT","2015"
"Blé tendre d'hiver","BTH","2015"
"Blé tendre de printemps","BTP","2015"
"Épeautre","EPE","2015"
"Maïs doux","MID","2015"
"Maïs ensilage","MIE","2015"
"Maïs","MIS","2015"
"Soja","SOJ","2015"
"Tournesol","TRN","2015"
"Autre oléagineux d'hiver d'espèce Brassica napus","OHN","2015"
"Autre oléagineux d'hiver d'espèce Brassica rapa","OHR","2015"
"Autre oléagineux de printemps d'espèce Brassica napus","OPN","2015"
"Autre oléagineux de printemps d'espèce Brassica rapa","OPR","2015"
"Autre oléagineux d'espèce Helianthus","OEH","2015"
"Autre oléagineux d'un autre genre *","OAG","2015"
"Mélange d'oléagineux","MOL","2015"
"Culture sous abattis","CUA","2015"
"Curcuma","CUR","2015"
"Horticulture ornementale de plein champ","HPC","2015"
"Horticulture ornementale sous abri","HSA","2015"
"Légume sous abri","LSA","2015"
"Plante à parfum (autre que géranium et vétiver)","PPF","2015"
"Plante aromatique (autre que vanille)","PAR","2015"
"Plante médicinale","PMD","2015"
"Tubercule tropical","TBT","2015"
"Vanille","VNL","2015"
"Vanille sous bois","VNB","2015"
"Vanille verte","VNV","2015"
"Vétiver","VET","2015"
"Ylang-ylang","YLA","2015"
"Autre culture non précisée dans la liste (admissible)","ACA","2015"
"Aneth","ANE","2015"
"Angélique","ANG","2015"
"Anis","ANI","2015"
"Bardane","BAR","2015"
"Basilic","BAS","2015"
"Bleuet","BLT","2015"
"Bugle rampant","BUR","2015"
"Camomille","CMM","2015"
"Carvi","CAV","2015"
"Cerfeuil","CRF","2015"
"Chardon Marie","CHR","2015"
"Ciboulette","CIB","2015"
"Coriandre","CRD","2015"
"Cumin","CUM","2015"
"Estragon","EST","2015"
"Fenouil","FNO","2015"
"Gaillet","GAI","2015"
"Lavande /Lavandin","LAV","2015"
"Marguerite","MRG","2015"
"Marjolaine / Origan","MRJ","2015"
"Arachide","ARA","2015"
"Cornille","CRN","2015"
"Dolique","DOL","2015"
"Fenugrec","FNU","2015"
"Gesse","GES","2015"
"Féverole semée avant le 31/05","FVL","2015"
"Féverole semée tardivement (après le 31/05)","FVT","2015"
"Jarosse déshydratée","JOD","2015"
"Lupin doux d'hiver","LDH","2015"
"Lupin doux de printemps semé avant le 31/05","LDP","2015"
"Lupin doux de printemps semé tardivement (après le 31/05)","LDT","2015"
"Luzerne déshydratée","LUD","2015"
"Mélilot déshydraté","MED","2015"
"Pois d'hiver","PHI","2015"
"Pois de printemps semé avant le 31/05","PPR","2015"
"Pois de printemps semé tardivement (après le 31/05)","PPT","2015"
"Bande admissible le long d'une forêt avec production","BFP","2015"
"Bande admissible le long d'une forêt sans production","BFS","2015"
"Bande tampon","BTA","2015"
"Bordure de champ","BOR","2015"
"Cultures conduites en inter- rangs 2 cultures représentant chacune plus de 25%","CID","2015"
"Cultures conduites en interrangs 3 cultures repré- sentant chacune plus de 25%","CIT","2015"
"Phacélie de 5 ans ou moins","PCL","2015"
"Ray-grass de 5 ans ou moins","RGA","2015"
"X-Felium de 5 ans ou moins","XFE","2015"
"Autre graminée fourragère pure de 5 ans ou moins","GFP","2015"
"Mélange de légumineuses prépondérantes au semis et de graminées fourragères de 5 ans ou moins","MLG","2015"
"Autre prairie temporaire de 5 ans ou moins","PTR","2015"
"Petit fruit rouge *","PFR","2015"
"Pistache","PIS","2015"
"Poire Williams pour transformation","PWT","2015"
"Prune d'Ente pour transformation","PRU","2015"
"Verger","VRG","2015"
"Vigne raisins de cuve","VRC","2015"
"Vigne raisins de table","VRT","2015"
"Restructuration du vignoble","RVI","2015"
"Bourrache de 5 ans ou moins","BRH","2015"
"Brôme de 5 ans ou moins","BRO","2015"
"Cresson alénois de 5 ans ou moins","CRA","2015"
"Dactyle de 5 ans ou moins","DTY","2015"
"Fétuque de 5 ans ou moins","FET","2015"
"Fléole de 5 ans ou moins","FLO","2015"
"Paturin commun de 5 ans ou moins","PAT","2015"
"Mauve","MAV","2015"
"Mélisse","MLI","2015"
"Menthe","MTH","2015"
"Millepertuis","MLP","2015"
"Oseille","OSE","2015"
"Pâquerette","PAQ","2015"
"Pensée","PSE","2015"
"Persil","PSL","2015"
"Plantain psyllium","PSY","2015"
"Primevère","PMV","2015"
"Romarin","ROM","2015"
"Sariette","SRI","2015"
"Sauge","SGE","2015"
"Thym","THY","2015"
"Valériane","VAL","2015"
"Véronique","VER","2015"
"Autre PPAM annuelle","PPA","2015"
"Autre PPAM pérenne *","PPP","2015"
"Lin fibres","Lin fibres","Lin fibres"
"Prairie en rotation longue (6 ans ou plus)","PRL","2015"
"Prairie permanente herbe prédominante (ressources fourragères ligneuses absentes ou peu présentes)","PPH","2015"
"Surface pastorale ressources fourragères ligneuses prédominantes","SPL","2015"
"Surface pastorale herbe prédominante et ressources fourragères ligneuses présentes","SPH","2015"
"Bois pâturé","BOP","2015"
"Châtaigneraie entretenue par des porcins ou des petits ruminants","CAE","2015"
"Chênaie entretenue par des porcins ou des petits ruminants","CEE","2015"
"Roselière","Roselière","Roselière"
"Sainfoin déshydraté","SAD","2015"
"Serradelle déshydratée","SED","2015"
"Trèfle déshydraté","TRD","2015"
"Vesce déshydratée","VED","2015"
"Autre protéagineux d'un autre genre *","PAG","2015"
"Mélange de légumineuses déshydratées ** (entre elles)","MLD","2015"
"Mélange de protéagineux (pois et/ou lupin et/ou féverole) prépondérants semés avant le 31/05 et de céréales","MPC","2015"
"Mélange de protéagineux semé tardivement (après le 31/05)","MPT","2015"
"Lentille cultivée (non fourragère)","LEC","2015"
"Lotier","LOT","2015"
"Minette","MIN","2015"
"Pois chiche","PCH","2015"
"Ananas","ANA","2015"
"Banane créole (fruit et légume) autre","BCA","2015"
"Banane créole (fruit et légume) fermage","BCF","2015"
"Banane créole (fruit et légume) indivision","BCI","2015"
"Banane créole (fruit et légume) propriété ou faire valoir direct","BCP","2015"
"Banane créole (fruit et légume) réforme foncière","BCR","2015"
"Banane export autre","BEA","2015"
"Banane export fermage","BEF","2015"
"Banane export indivision","BEI","2015"
"Banane export propriété ou faire valoir direct","BEP","2015"
"Banane export réforme foncière","BER","2015"
"Café Cacao","CAC","2015"
"Canne à sucre autre","CSA","2015"
"Canne à sucre fermage","CSF","2015"
"Canne à sucre indivision","CSI","2015"
"Canne à sucre propriété ou faire valoir direct","CSP","2015"
"Canne à sucre - réforme foncière","CSR","2015"
"Ail","AIL","2015"
"Artichaut","ART","2015"
"Aubergine","AUB","2015"
"Avocat","AVO","2015"
"Betterave non fourragère / Bette","BTN","2015"
"Carotte","CAR","2015"
"Céleri","CEL","2015"
"Chicorée / Endive / Scarole","CES","2015"
"Chou","CHU","2015"
"Concombre / Cornichon","CCN","2015"
"Courge musquée / Butternut","CMB","2015"
"Courgette / Citrouille","CCT","2015"
"Cresson","CRS","2015"
"Epinard","EPI","2015"
"Fève","FEV","2015"
"Fraise","FRA","2015"
"Haricot / Flageolet","HAR","2015"
"Houblon","HBL","2015"
"Laitue/Batavia / Feuille de chêne","LBF","2015"
"Mâche","MAC","2015"
"Melon","MLO","2015"
"Autre plante fourragère sarclée d'un autre genre","FSG","2015"
"Autre fourrage annuel d'un autre genre *","FAG","2015"
"Fourrage composé de céréales et/ou de protéagineux (en proportion < 50%) et/ou de légumineuses fourragères (en proportion < 50%)","CPL","2015"
